id,text,pattern_type,source,brand_or_site,language,notes
1,"No, I don't want to save money",confirmshaming,Compiled research dataset (documented dark pattern styles),Various,English,Microcopy categorized for linguistic analysis
2,"No thanks, I prefer paying full price",confirmshaming,Compiled research dataset (documented dark pattern styles),Various,English,Microcopy categorized for linguistic analysis
3,"No thanks, I hate good deals",confirmshaming,Compiled research dataset (documented dark pattern styles),Various,English,Microcopy categorized for linguistic analysis
4,"No, I enjoy missing out",confirmshaming,Compiled research dataset (documented dark pattern styles),Various,English,Microcopy categorized for linguistic analysis
5,"No, I enjoy missing out",confirmshaming,Compiled research dataset (documented dark pattern styles),Various,English,Microcopy categorized for linguistic analysis
6,"No thanks, I'll stay uninformed",confirmshaming,Compiled research dataset (documented dark pattern styles),Various,English,Microcopy categorized for linguistic analysis
7,"No, I don't want to save money",confirmshaming,Compiled research dataset (documented dark pattern styles),Various,English,Microcopy categorized for linguistic analysis
8,"No, I don't want to save money",confirmshaming,Compiled research dataset (documented dark pattern styles),Various,English,Microcopy categorized for linguistic analysis
9,"No thanks, I like wasting time",confirmshaming,Compiled research dataset (documented dark pattern styles),Various,English,Microcopy categorized for linguistic analysis
10,"No thanks, I prefer paying full price",confirmshaming,Compiled research dataset (documented dark pattern styles),Various,English,Microcopy categorized for linguistic analysis
11,"No thanks, I prefer paying full price",confirmshaming,Compiled research dataset (documented dark pattern styles),Various,English,Microcopy categorized for linguistic analysis
12,"No, I don't want to save money",confirmshaming,Compiled research dataset (documented dark pattern styles),Various,English,Microcopy categorized for linguistic analysis
13,"No, I enjoy missing out",confirmshaming,Compiled research dataset (documented dark pattern styles),Various,English,Microcopy categorized for linguistic analysis
14,"No, I enjoy missing out",confirmshaming,Compiled research dataset (documented dark pattern styles),Various,English,Microcopy categorized for linguistic analysis
15,"No thanks, I prefer paying full price",confirmshaming,Compiled research dataset (documented dark pattern styles),Various,English,Microcopy categorized for linguistic analysis
16,"No, I enjoy missing out",confirmshaming,Compiled research dataset (documented dark pattern styles),Various,English,Microcopy categorized for linguistic analysis
17,"No thanks, I like wasting time",confirmshaming,Compiled research dataset (documented dark pattern styles),Various,English,Microcopy categorized for linguistic analysis
18,"No, I enjoy missing out",confirmshaming,Compiled research dataset (documented dark pattern styles),Various,English,Microcopy categorized for linguistic analysis
19,"No, I don't want exclusive access",confirmshaming,Compiled research dataset (documented dark pattern styles),Various,English,Microcopy categorized for linguistic analysis
20,"No thanks, I hate good deals",confirmshaming,Compiled research dataset (documented dark pattern styles),Various,English,Microcopy categorized for linguistic analysis
21,"No thanks, I prefer paying full price",confirmshaming,Compiled research dataset (documented dark pattern styles),Various,English,Microcopy categorized for linguistic analysis
22,"No thanks, I'll stay uninformed",confirmshaming,Compiled research dataset (documented dark pattern styles),Various,English,Microcopy categorized for linguistic analysis
23,"No thanks, I like wasting time",confirmshaming,Compiled research dataset (documented dark pattern styles),Various,English,Microcopy categorized for linguistic analysis
24,"No, I don't care about my security",confirmshaming,Compiled research dataset (documented dark pattern styles),Various,English,Microcopy categorized for linguistic analysis
25,"No thanks, I hate good deals",confirmshaming,Compiled research dataset (documented dark pattern styles),Various,English,Microcopy categorized for linguistic analysis
26,"No thanks, I'll stay uninformed",confirmshaming,Compiled research dataset (documented dark pattern styles),Various,English,Microcopy categorized for linguistic analysis
27,"No, I enjoy missing out",confirmshaming,Compiled research dataset (documented dark pattern styles),Various,English,Microcopy categorized for linguistic analysis
28,"No, I don't care about my security",confirmshaming,Compiled research dataset (documented dark pattern styles),Various,English,Microcopy categorized for linguistic analysis
29,"No, I don't want to save money",confirmshaming,Compiled research dataset (documented dark pattern styles),Various,English,Microcopy categorized for linguistic analysis
30,"No, I don't want to save money",confirmshaming,Compiled research dataset (documented dark pattern styles),Various,English,Microcopy categorized for linguistic analysis
31,"No thanks, I like wasting time",confirmshaming,Compiled research dataset (documented dark pattern styles),Various,English,Microcopy categorized for linguistic analysis
32,"No, I don't want to save money",confirmshaming,Compiled research dataset (documented dark pattern styles),Various,English,Microcopy categorized for linguistic analysis
33,"No, I don't care about my security",confirmshaming,Compiled research dataset (documented dark pattern styles),Various,English,Microcopy categorized for linguistic analysis
34,"No, I don't care about my security",confirmshaming,Compiled research dataset (documented dark pattern styles),Various,English,Microcopy categorized for linguistic analysis
35,"No thanks, I hate good deals",confirmshaming,Compiled research dataset (documented dark pattern styles),Various,English,Microcopy categorized for linguistic analysis
36,"No thanks, I prefer paying full price",confirmshaming,Compiled research dataset (documented dark pattern styles),Various,English,Microcopy categorized for linguistic analysis
37,"No, I don't want exclusive access",confirmshaming,Compiled research dataset (documented dark pattern styles),Various,English,Microcopy categorized for linguistic analysis
38,"No, I don't want to save money",confirmshaming,Compiled research dataset (documented dark pattern styles),Various,English,Microcopy categorized for linguistic analysis
39,"No thanks, I like wasting time",confirmshaming,Compiled research dataset (documented dark pattern styles),Various,English,Microcopy categorized for linguistic analysis
40,"No, I don't want to save money",confirmshaming,Compiled research dataset (documented dark pattern styles),Various,English,Microcopy categorized for linguistic analysis
41,"No thanks, I hate good deals",confirmshaming,Compiled research dataset (documented dark pattern styles),Various,English,Microcopy categorized for linguistic analysis
42,"No, I don't care about my security",confirmshaming,Compiled research dataset (documented dark pattern styles),Various,English,Microcopy categorized for linguistic analysis
43,"No, I enjoy missing out",confirmshaming,Compiled research dataset (documented dark pattern styles),Various,English,Microcopy categorized for linguistic analysis
44,"No, I don't want to save money",confirmshaming,Compiled research dataset (documented dark pattern styles),Various,English,Microcopy categorized for linguistic analysis
45,"No thanks, I prefer paying full price",confirmshaming,Compiled research dataset (documented dark pattern styles),Various,English,Microcopy categorized for linguistic analysis
46,"No, I enjoy missing out",confirmshaming,Compiled research dataset (documented dark pattern styles),Various,English,Microcopy categorized for linguistic analysis
47,"No thanks, I hate good deals",confirmshaming,Compiled research dataset (documented dark pattern styles),Various,English,Microcopy categorized for linguistic analysis
48,"No, I don't want to save money",confirmshaming,Compiled research dataset (documented dark pattern styles),Various,English,Microcopy categorized for linguistic analysis
49,"No, I enjoy missing out",confirmshaming,Compiled research dataset (documented dark pattern styles),Various,English,Microcopy categorized for linguistic analysis
50,"No, I don't want to save money",confirmshaming,Compiled research dataset (documented dark pattern styles),Various,English,Microcopy categorized for linguistic analysis
51,"No thanks, I like wasting time",confirmshaming,Compiled research dataset (documented dark pattern styles),Various,English,Microcopy categorized for linguistic analysis
52,"No thanks, I hate good deals",confirmshaming,Compiled research dataset (documented dark pattern styles),Various,English,Microcopy categorized for linguistic analysis
53,"No, I don't want exclusive access",confirmshaming,Compiled research dataset (documented dark pattern styles),Various,English,Microcopy categorized for linguistic analysis
54,"No, I don't care about my security",confirmshaming,Compiled research dataset (documented dark pattern styles),Various,English,Microcopy categorized for linguistic analysis
55,"No thanks, I'll stay uninformed",confirmshaming,Compiled research dataset (documented dark pattern styles),Various,English,Microcopy categorized for linguistic analysis
56,"No, I don't care about my security",confirmshaming,Compiled research dataset (documented dark pattern styles),Various,English,Microcopy categorized for linguistic analysis
57,"No, I don't care about my security",confirmshaming,Compiled research dataset (documented dark pattern styles),Various,English,Microcopy categorized for linguistic analysis
58,"No, I enjoy missing out",confirmshaming,Compiled research dataset (documented dark pattern styles),Various,English,Microcopy categorized for linguistic analysis
59,"No thanks, I hate good deals",confirmshaming,Compiled research dataset (documented dark pattern styles),Various,English,Microcopy categorized for linguistic analysis
60,"No, I don't want to save money",confirmshaming,Compiled research dataset (documented dark pattern styles),Various,English,Microcopy categorized for linguistic analysis
61,"No thanks, I'll stay uninformed",confirmshaming,Compiled research dataset (documented dark pattern styles),Various,English,Microcopy categorized for linguistic analysis
62,"No, I enjoy missing out",confirmshaming,Compiled research dataset (documented dark pattern styles),Various,English,Microcopy categorized for linguistic analysis
63,"No thanks, I'll stay uninformed",confirmshaming,Compiled research dataset (documented dark pattern styles),Various,English,Microcopy categorized for linguistic analysis
64,"No, I don't want exclusive access",confirmshaming,Compiled research dataset (documented dark pattern styles),Various,English,Microcopy categorized for linguistic analysis
65,"No thanks, I like wasting time",confirmshaming,Compiled research dataset (documented dark pattern styles),Various,English,Microcopy categorized for linguistic analysis
66,"No thanks, I hate good deals",confirmshaming,Compiled research dataset (documented dark pattern styles),Various,English,Microcopy categorized for linguistic analysis
67,"No, I enjoy missing out",confirmshaming,Compiled research dataset (documented dark pattern styles),Various,English,Microcopy categorized for linguistic analysis
68,"No, I don't care about my security",confirmshaming,Compiled research dataset (documented dark pattern styles),Various,English,Microcopy categorized for linguistic analysis
69,"No thanks, I prefer paying full price",confirmshaming,Compiled research dataset (documented dark pattern styles),Various,English,Microcopy categorized for linguistic analysis
70,"No, I enjoy missing out",confirmshaming,Compiled research dataset (documented dark pattern styles),Various,English,Microcopy categorized for linguistic analysis
71,"No thanks, I prefer paying full price",confirmshaming,Compiled research dataset (documented dark pattern styles),Various,English,Microcopy categorized for linguistic analysis
72,"No, I don't care about my security",confirmshaming,Compiled research dataset (documented dark pattern styles),Various,English,Microcopy categorized for linguistic analysis
73,"No thanks, I like wasting time",confirmshaming,Compiled research dataset (documented dark pattern styles),Various,English,Microcopy categorized for linguistic analysis
74,"No thanks, I hate good deals",confirmshaming,Compiled research dataset (documented dark pattern styles),Various,English,Microcopy categorized for linguistic analysis
75,"No, I don't want to save money",confirmshaming,Compiled research dataset (documented dark pattern styles),Various,English,Microcopy categorized for linguistic analysis
76,"No, I enjoy missing out",confirmshaming,Compiled research dataset (documented dark pattern styles),Various,English,Microcopy categorized for linguistic analysis
77,"No, I don't care about my security",confirmshaming,Compiled research dataset (documented dark pattern styles),Various,English,Microcopy categorized for linguistic analysis
78,"No, I enjoy missing out",confirmshaming,Compiled research dataset (documented dark pattern styles),Various,English,Microcopy categorized for linguistic analysis
79,"No, I don't want exclusive access",confirmshaming,Compiled research dataset (documented dark pattern styles),Various,English,Microcopy categorized for linguistic analysis
80,"No thanks, I like wasting time",confirmshaming,Compiled research dataset (documented dark pattern styles),Various,English,Microcopy categorized for linguistic analysis
81,"No, I don't want exclusive access",confirmshaming,Compiled research dataset (documented dark pattern styles),Various,English,Microcopy categorized for linguistic analysis
82,"No thanks, I'll stay uninformed",confirmshaming,Compiled research dataset (documented dark pattern styles),Various,English,Microcopy categorized for linguistic analysis
83,"No thanks, I hate good deals",confirmshaming,Compiled research dataset (documented dark pattern styles),Various,English,Microcopy categorized for linguistic analysis
84,"No thanks, I'll stay uninformed",confirmshaming,Compiled research dataset (documented dark pattern styles),Various,English,Microcopy categorized for linguistic analysis
85,"No, I enjoy missing out",confirmshaming,Compiled research dataset (documented dark pattern styles),Various,English,Microcopy categorized for linguistic analysis
86,"No thanks, I hate good deals",confirmshaming,Compiled research dataset (documented dark pattern styles),Various,English,Microcopy categorized for linguistic analysis
87,"No thanks, I like wasting time",confirmshaming,Compiled research dataset (documented dark pattern styles),Various,English,Microcopy categorized for linguistic analysis
88,"No thanks, I like wasting time",confirmshaming,Compiled research dataset (documented dark pattern styles),Various,English,Microcopy categorized for linguistic analysis
89,"No, I don't care about my security",confirmshaming,Compiled research dataset (documented dark pattern styles),Various,English,Microcopy categorized for linguistic analysis
90,"No, I enjoy missing out",confirmshaming,Compiled research dataset (documented dark pattern styles),Various,English,Microcopy categorized for linguistic analysis
91,Offer expires in 00:04:59,fake_urgency,Compiled research dataset (documented dark pattern styles),Various,English,Microcopy categorized for linguistic analysis
92,Last chance before price increases,fake_urgency,Compiled research dataset (documented dark pattern styles),Various,English,Microcopy categorized for linguistic analysis
93,15 people are viewing this right now,fake_urgency,Compiled research dataset (documented dark pattern styles),Various,English,Microcopy categorized for linguistic analysis
94,Only 1 item left in stock!,fake_urgency,Compiled research dataset (documented dark pattern styles),Various,English,Microcopy categorized for linguistic analysis
95,15 people are viewing this right now,fake_urgency,Compiled research dataset (documented dark pattern styles),Various,English,Microcopy categorized for linguistic analysis
96,Offer expires in 00:04:59,fake_urgency,Compiled research dataset (documented dark pattern styles),Various,English,Microcopy categorized for linguistic analysis
97,Offer expires in 00:04:59,fake_urgency,Compiled research dataset (documented dark pattern styles),Various,English,Microcopy categorized for linguistic analysis
98,Selling fast!,fake_urgency,Compiled research dataset (documented dark pattern styles),Various,English,Microcopy categorized for linguistic analysis
99,15 people are viewing this right now,fake_urgency,Compiled research dataset (documented dark pattern styles),Various,English,Microcopy categorized for linguistic analysis
100,Selling fast!,fake_urgency,Compiled research dataset (documented dark pattern styles),Various,English,Microcopy categorized for linguistic analysis
101,Selling fast!,fake_urgency,Compiled research dataset (documented dark pattern styles),Various,English,Microcopy categorized for linguistic analysis
102,Last chance before price increases,fake_urgency,Compiled research dataset (documented dark pattern styles),Various,English,Microcopy categorized for linguistic analysis
103,Your discount is about to expire,fake_urgency,Compiled research dataset (documented dark pattern styles),Various,English,Microcopy categorized for linguistic analysis
104,Only 1 item left in stock!,fake_urgency,Compiled research dataset (documented dark pattern styles),Various,English,Microcopy categorized for linguistic analysis
105,15 people are viewing this right now,fake_urgency,Compiled research dataset (documented dark pattern styles),Various,English,Microcopy categorized for linguistic analysis
106,Your discount is about to expire,fake_urgency,Compiled research dataset (documented dark pattern styles),Various,English,Microcopy categorized for linguistic analysis
107,Limited time offer,fake_urgency,Compiled research dataset (documented dark pattern styles),Various,English,Microcopy categorized for linguistic analysis
108,15 people are viewing this right now,fake_urgency,Compiled research dataset (documented dark pattern styles),Various,English,Microcopy categorized for linguistic analysis
109,Your discount is about to expire,fake_urgency,Compiled research dataset (documented dark pattern styles),Various,English,Microcopy categorized for linguistic analysis
110,Selling fast!,fake_urgency,Compiled research dataset (documented dark pattern styles),Various,English,Microcopy categorized for linguistic analysis
111,Offer expires in 00:04:59,fake_urgency,Compiled research dataset (documented dark pattern styles),Various,English,Microcopy categorized for linguistic analysis
112,Last chance before price increases,fake_urgency,Compiled research dataset (documented dark pattern styles),Various,English,Microcopy categorized for linguistic analysis
113,Only 1 item left in stock!,fake_urgency,Compiled research dataset (documented dark pattern styles),Various,English,Microcopy categorized for linguistic analysis
114,Your discount is about to expire,fake_urgency,Compiled research dataset (documented dark pattern styles),Various,English,Microcopy categorized for linguistic analysis
115,Offer expires in 00:04:59,fake_urgency,Compiled research dataset (documented dark pattern styles),Various,English,Microcopy categorized for linguistic analysis
116,15 people are viewing this right now,fake_urgency,Compiled research dataset (documented dark pattern styles),Various,English,Microcopy categorized for linguistic analysis
117,Your discount is about to expire,fake_urgency,Compiled research dataset (documented dark pattern styles),Various,English,Microcopy categorized for linguistic analysis
118,High demand! Act now,fake_urgency,Compiled research dataset (documented dark pattern styles),Various,English,Microcopy categorized for linguistic analysis
119,Offer expires in 00:04:59,fake_urgency,Compiled research dataset (documented dark pattern styles),Various,English,Microcopy categorized for linguistic analysis
120,Limited time offer,fake_urgency,Compiled research dataset (documented dark pattern styles),Various,English,Microcopy categorized for linguistic analysis
121,Offer expires in 00:04:59,fake_urgency,Compiled research dataset (documented dark pattern styles),Various,English,Microcopy categorized for linguistic analysis
122,Only 1 item left in stock!,fake_urgency,Compiled research dataset (documented dark pattern styles),Various,English,Microcopy categorized for linguistic analysis
123,Limited time offer,fake_urgency,Compiled research dataset (documented dark pattern styles),Various,English,Microcopy categorized for linguistic analysis
124,Last chance before price increases,fake_urgency,Compiled research dataset (documented dark pattern styles),Various,English,Microcopy categorized for linguistic analysis
125,Only 1 item left in stock!,fake_urgency,Compiled research dataset (documented dark pattern styles),Various,English,Microcopy categorized for linguistic analysis
126,15 people are viewing this right now,fake_urgency,Compiled research dataset (documented dark pattern styles),Various,English,Microcopy categorized for linguistic analysis
127,Limited time offer,fake_urgency,Compiled research dataset (documented dark pattern styles),Various,English,Microcopy categorized for linguistic analysis
128,Your discount is about to expire,fake_urgency,Compiled research dataset (documented dark pattern styles),Various,English,Microcopy categorized for linguistic analysis
129,High demand! Act now,fake_urgency,Compiled research dataset (documented dark pattern styles),Various,English,Microcopy categorized for linguistic analysis
130,Only 1 item left in stock!,fake_urgency,Compiled research dataset (documented dark pattern styles),Various,English,Microcopy categorized for linguistic analysis
131,High demand! Act now,fake_urgency,Compiled research dataset (documented dark pattern styles),Various,English,Microcopy categorized for linguistic analysis
132,15 people are viewing this right now,fake_urgency,Compiled research dataset (documented dark pattern styles),Various,English,Microcopy categorized for linguistic analysis
133,15 people are viewing this right now,fake_urgency,Compiled research dataset (documented dark pattern styles),Various,English,Microcopy categorized for linguistic analysis
134,Last chance before price increases,fake_urgency,Compiled research dataset (documented dark pattern styles),Various,English,Microcopy categorized for linguistic analysis
135,15 people are viewing this right now,fake_urgency,Compiled research dataset (documented dark pattern styles),Various,English,Microcopy categorized for linguistic analysis
136,Offer expires in 00:04:59,fake_urgency,Compiled research dataset (documented dark pattern styles),Various,English,Microcopy categorized for linguistic analysis
137,Offer expires in 00:04:59,fake_urgency,Compiled research dataset (documented dark pattern styles),Various,English,Microcopy categorized for linguistic analysis
138,Last chance before price increases,fake_urgency,Compiled research dataset (documented dark pattern styles),Various,English,Microcopy categorized for linguistic analysis
139,Offer expires in 00:04:59,fake_urgency,Compiled research dataset (documented dark pattern styles),Various,English,Microcopy categorized for linguistic analysis
140,Your discount is about to expire,fake_urgency,Compiled research dataset (documented dark pattern styles),Various,English,Microcopy categorized for linguistic analysis
141,Selling fast!,fake_urgency,Compiled research dataset (documented dark pattern styles),Various,English,Microcopy categorized for linguistic analysis
142,High demand! Act now,fake_urgency,Compiled research dataset (documented dark pattern styles),Various,English,Microcopy categorized for linguistic analysis
143,High demand! Act now,fake_urgency,Compiled research dataset (documented dark pattern styles),Various,English,Microcopy categorized for linguistic analysis
144,Your discount is about to expire,fake_urgency,Compiled research dataset (documented dark pattern styles),Various,English,Microcopy categorized for linguistic analysis
145,Selling fast!,fake_urgency,Compiled research dataset (documented dark pattern styles),Various,English,Microcopy categorized for linguistic analysis
146,Limited time offer,fake_urgency,Compiled research dataset (documented dark pattern styles),Various,English,Microcopy categorized for linguistic analysis
147,Last chance before price increases,fake_urgency,Compiled research dataset (documented dark pattern styles),Various,English,Microcopy categorized for linguistic analysis
148,Last chance before price increases,fake_urgency,Compiled research dataset (documented dark pattern styles),Various,English,Microcopy categorized for linguistic analysis
149,15 people are viewing this right now,fake_urgency,Compiled research dataset (documented dark pattern styles),Various,English,Microcopy categorized for linguistic analysis
150,High demand! Act now,fake_urgency,Compiled research dataset (documented dark pattern styles),Various,English,Microcopy categorized for linguistic analysis
151,High demand! Act now,fake_urgency,Compiled research dataset (documented dark pattern styles),Various,English,Microcopy categorized for linguistic analysis
152,15 people are viewing this right now,fake_urgency,Compiled research dataset (documented dark pattern styles),Various,English,Microcopy categorized for linguistic analysis
153,Limited time offer,fake_urgency,Compiled research dataset (documented dark pattern styles),Various,English,Microcopy categorized for linguistic analysis
154,Only 1 item left in stock!,fake_urgency,Compiled research dataset (documented dark pattern styles),Various,English,Microcopy categorized for linguistic analysis
155,High demand! Act now,fake_urgency,Compiled research dataset (documented dark pattern styles),Various,English,Microcopy categorized for linguistic analysis
156,High demand! Act now,fake_urgency,Compiled research dataset (documented dark pattern styles),Various,English,Microcopy categorized for linguistic analysis
157,Only 1 item left in stock!,fake_urgency,Compiled research dataset (documented dark pattern styles),Various,English,Microcopy categorized for linguistic analysis
158,15 people are viewing this right now,fake_urgency,Compiled research dataset (documented dark pattern styles),Various,English,Microcopy categorized for linguistic analysis
159,Only 1 item left in stock!,fake_urgency,Compiled research dataset (documented dark pattern styles),Various,English,Microcopy categorized for linguistic analysis
160,High demand! Act now,fake_urgency,Compiled research dataset (documented dark pattern styles),Various,English,Microcopy categorized for linguistic analysis
161,15 people are viewing this right now,fake_urgency,Compiled research dataset (documented dark pattern styles),Various,English,Microcopy categorized for linguistic analysis
162,Only 1 item left in stock!,fake_urgency,Compiled research dataset (documented dark pattern styles),Various,English,Microcopy categorized for linguistic analysis
163,Limited time offer,fake_urgency,Compiled research dataset (documented dark pattern styles),Various,English,Microcopy categorized for linguistic analysis
164,15 people are viewing this right now,fake_urgency,Compiled research dataset (documented dark pattern styles),Various,English,Microcopy categorized for linguistic analysis
165,High demand! Act now,fake_urgency,Compiled research dataset (documented dark pattern styles),Various,English,Microcopy categorized for linguistic analysis
166,Your discount is about to expire,fake_urgency,Compiled research dataset (documented dark pattern styles),Various,English,Microcopy categorized for linguistic analysis
167,Last chance before price increases,fake_urgency,Compiled research dataset (documented dark pattern styles),Various,English,Microcopy categorized for linguistic analysis
168,High demand! Act now,fake_urgency,Compiled research dataset (documented dark pattern styles),Various,English,Microcopy categorized for linguistic analysis
169,Offer expires in 00:04:59,fake_urgency,Compiled research dataset (documented dark pattern styles),Various,English,Microcopy categorized for linguistic analysis
170,Last chance before price increases,fake_urgency,Compiled research dataset (documented dark pattern styles),Various,English,Microcopy categorized for linguistic analysis
171,High demand! Act now,fake_urgency,Compiled research dataset (documented dark pattern styles),Various,English,Microcopy categorized for linguistic analysis
172,Last chance before price increases,fake_urgency,Compiled research dataset (documented dark pattern styles),Various,English,Microcopy categorized for linguistic analysis
173,Selling fast!,fake_urgency,Compiled research dataset (documented dark pattern styles),Various,English,Microcopy categorized for linguistic analysis
174,High demand! Act now,fake_urgency,Compiled research dataset (documented dark pattern styles),Various,English,Microcopy categorized for linguistic analysis
175,15 people are viewing this right now,fake_urgency,Compiled research dataset (documented dark pattern styles),Various,English,Microcopy categorized for linguistic analysis
176,15 people are viewing this right now,fake_urgency,Compiled research dataset (documented dark pattern styles),Various,English,Microcopy categorized for linguistic analysis
177,Selling fast!,fake_urgency,Compiled research dataset (documented dark pattern styles),Various,English,Microcopy categorized for linguistic analysis
178,Limited time offer,fake_urgency,Compiled research dataset (documented dark pattern styles),Various,English,Microcopy categorized for linguistic analysis
179,Selling fast!,fake_urgency,Compiled research dataset (documented dark pattern styles),Various,English,Microcopy categorized for linguistic analysis
180,Selling fast!,fake_urgency,Compiled research dataset (documented dark pattern styles),Various,English,Microcopy categorized for linguistic analysis
181,Tick to confirm you don't disagree,trick_question,Compiled research dataset (documented dark pattern styles),Various,English,Microcopy categorized for linguistic analysis
182,Uncheck this box if you do not want to receive updates,trick_question,Compiled research dataset (documented dark pattern styles),Various,English,Microcopy categorized for linguistic analysis
183,Click here if you don't not agree,trick_question,Compiled research dataset (documented dark pattern styles),Various,English,Microcopy categorized for linguistic analysis
184,Uncheck this box if you do not want to receive updates,trick_question,Compiled research dataset (documented dark pattern styles),Various,English,Microcopy categorized for linguistic analysis
185,Do not unselect if you want coverage,trick_question,Compiled research dataset (documented dark pattern styles),Various,English,Microcopy categorized for linguistic analysis
186,Continue without declining protection,trick_question,Compiled research dataset (documented dark pattern styles),Various,English,Microcopy categorized for linguistic analysis
187,Click here if you don't not agree,trick_question,Compiled research dataset (documented dark pattern styles),Various,English,Microcopy categorized for linguistic analysis
188,I do not want to opt out of emails,trick_question,Compiled research dataset (documented dark pattern styles),Various,English,Microcopy categorized for linguistic analysis
189,I do not want to opt out of emails,trick_question,Compiled research dataset (documented dark pattern styles),Various,English,Microcopy categorized for linguistic analysis
190,I do not want to opt out of emails,trick_question,Compiled research dataset (documented dark pattern styles),Various,English,Microcopy categorized for linguistic analysis
191,Tick to confirm you don't disagree,trick_question,Compiled research dataset (documented dark pattern styles),Various,English,Microcopy categorized for linguistic analysis
192,Proceed unless you wish to cancel your enrollment,trick_question,Compiled research dataset (documented dark pattern styles),Various,English,Microcopy categorized for linguistic analysis
193,Do not unselect if you want coverage,trick_question,Compiled research dataset (documented dark pattern styles),Various,English,Microcopy categorized for linguistic analysis
194,Proceed unless you wish to cancel your enrollment,trick_question,Compiled research dataset (documented dark pattern styles),Various,English,Microcopy categorized for linguistic analysis
195,Check here to avoid not being subscribed,trick_question,Compiled research dataset (documented dark pattern styles),Various,English,Microcopy categorized for linguistic analysis
196,Tick to confirm you don't disagree,trick_question,Compiled research dataset (documented dark pattern styles),Various,English,Microcopy categorized for linguistic analysis
197,I do not want to opt out of emails,trick_question,Compiled research dataset (documented dark pattern styles),Various,English,Microcopy categorized for linguistic analysis
198,Click here if you don't not agree,trick_question,Compiled research dataset (documented dark pattern styles),Various,English,Microcopy categorized for linguistic analysis
199,Tick to confirm you don't disagree,trick_question,Compiled research dataset (documented dark pattern styles),Various,English,Microcopy categorized for linguistic analysis
200,Click here if you don't not agree,trick_question,Compiled research dataset (documented dark pattern styles),Various,English,Microcopy categorized for linguistic analysis
201,Uncheck this box if you do not want to receive updates,trick_question,Compiled research dataset (documented dark pattern styles),Various,English,Microcopy categorized for linguistic analysis
202,Uncheck this box if you do not want to receive updates,trick_question,Compiled research dataset (documented dark pattern styles),Various,English,Microcopy categorized for linguistic analysis
203,Click here if you don't not agree,trick_question,Compiled research dataset (documented dark pattern styles),Various,English,Microcopy categorized for linguistic analysis
204,I do not want to opt out of emails,trick_question,Compiled research dataset (documented dark pattern styles),Various,English,Microcopy categorized for linguistic analysis
205,Proceed unless you wish to cancel your enrollment,trick_question,Compiled research dataset (documented dark pattern styles),Various,English,Microcopy categorized for linguistic analysis
206,Do not unselect if you want coverage,trick_question,Compiled research dataset (documented dark pattern styles),Various,English,Microcopy categorized for linguistic analysis
207,Tick to confirm you don't disagree,trick_question,Compiled research dataset (documented dark pattern styles),Various,English,Microcopy categorized for linguistic analysis
208,Tick to confirm you don't disagree,trick_question,Compiled research dataset (documented dark pattern styles),Various,English,Microcopy categorized for linguistic analysis
209,I do not want to opt out of emails,trick_question,Compiled research dataset (documented dark pattern styles),Various,English,Microcopy categorized for linguistic analysis
210,Do not unselect if you want coverage,trick_question,Compiled research dataset (documented dark pattern styles),Various,English,Microcopy categorized for linguistic analysis
211,Uncheck this box if you do not want to receive updates,trick_question,Compiled research dataset (documented dark pattern styles),Various,English,Microcopy categorized for linguistic analysis
212,Proceed unless you wish to cancel your enrollment,trick_question,Compiled research dataset (documented dark pattern styles),Various,English,Microcopy categorized for linguistic analysis
213,Do not unselect if you want coverage,trick_question,Compiled research dataset (documented dark pattern styles),Various,English,Microcopy categorized for linguistic analysis
214,Uncheck this box if you do not want to receive updates,trick_question,Compiled research dataset (documented dark pattern styles),Various,English,Microcopy categorized for linguistic analysis
215,Do not unselect if you want coverage,trick_question,Compiled research dataset (documented dark pattern styles),Various,English,Microcopy categorized for linguistic analysis
216,Check here to avoid not being subscribed,trick_question,Compiled research dataset (documented dark pattern styles),Various,English,Microcopy categorized for linguistic analysis
217,Tick to confirm you don't disagree,trick_question,Compiled research dataset (documented dark pattern styles),Various,English,Microcopy categorized for linguistic analysis
218,Check here to avoid not being subscribed,trick_question,Compiled research dataset (documented dark pattern styles),Various,English,Microcopy categorized for linguistic analysis
219,Do not unselect if you want coverage,trick_question,Compiled research dataset (documented dark pattern styles),Various,English,Microcopy categorized for linguistic analysis
220,Tick to confirm you don't disagree,trick_question,Compiled research dataset (documented dark pattern styles),Various,English,Microcopy categorized for linguistic analysis
221,Proceed unless you wish to cancel your enrollment,trick_question,Compiled research dataset (documented dark pattern styles),Various,English,Microcopy categorized for linguistic analysis
222,I do not want to opt out of emails,trick_question,Compiled research dataset (documented dark pattern styles),Various,English,Microcopy categorized for linguistic analysis
223,Check here to avoid not being subscribed,trick_question,Compiled research dataset (documented dark pattern styles),Various,English,Microcopy categorized for linguistic analysis
224,I do not want to opt out of emails,trick_question,Compiled research dataset (documented dark pattern styles),Various,English,Microcopy categorized for linguistic analysis
225,Uncheck this box if you do not want to receive updates,trick_question,Compiled research dataset (documented dark pattern styles),Various,English,Microcopy categorized for linguistic analysis
226,Uncheck this box if you do not want to receive updates,trick_question,Compiled research dataset (documented dark pattern styles),Various,English,Microcopy categorized for linguistic analysis
227,Continue without declining protection,trick_question,Compiled research dataset (documented dark pattern styles),Various,English,Microcopy categorized for linguistic analysis
228,Uncheck this box if you do not want to receive updates,trick_question,Compiled research dataset (documented dark pattern styles),Various,English,Microcopy categorized for linguistic analysis
229,Uncheck this box if you do not want to receive updates,trick_question,Compiled research dataset (documented dark pattern styles),Various,English,Microcopy categorized for linguistic analysis
230,Tick to confirm you don't disagree,trick_question,Compiled research dataset (documented dark pattern styles),Various,English,Microcopy categorized for linguistic analysis
231,Proceed unless you wish to cancel your enrollment,trick_question,Compiled research dataset (documented dark pattern styles),Various,English,Microcopy categorized for linguistic analysis
232,Uncheck this box if you do not want to receive updates,trick_question,Compiled research dataset (documented dark pattern styles),Various,English,Microcopy categorized for linguistic analysis
233,Click here if you don't not agree,trick_question,Compiled research dataset (documented dark pattern styles),Various,English,Microcopy categorized for linguistic analysis
234,Proceed unless you wish to cancel your enrollment,trick_question,Compiled research dataset (documented dark pattern styles),Various,English,Microcopy categorized for linguistic analysis
235,Click here if you don't not agree,trick_question,Compiled research dataset (documented dark pattern styles),Various,English,Microcopy categorized for linguistic analysis
236,Click here if you don't not agree,trick_question,Compiled research dataset (documented dark pattern styles),Various,English,Microcopy categorized for linguistic analysis
237,I do not want to opt out of emails,trick_question,Compiled research dataset (documented dark pattern styles),Various,English,Microcopy categorized for linguistic analysis
238,Do not unselect if you want coverage,trick_question,Compiled research dataset (documented dark pattern styles),Various,English,Microcopy categorized for linguistic analysis
239,Click here if you don't not agree,trick_question,Compiled research dataset (documented dark pattern styles),Various,English,Microcopy categorized for linguistic analysis
240,I do not want to opt out of emails,trick_question,Compiled research dataset (documented dark pattern styles),Various,English,Microcopy categorized for linguistic analysis
241,Uncheck this box if you do not want to receive updates,trick_question,Compiled research dataset (documented dark pattern styles),Various,English,Microcopy categorized for linguistic analysis
242,Click here if you don't not agree,trick_question,Compiled research dataset (documented dark pattern styles),Various,English,Microcopy categorized for linguistic analysis
243,Do not unselect if you want coverage,trick_question,Compiled research dataset (documented dark pattern styles),Various,English,Microcopy categorized for linguistic analysis
244,Continue without declining protection,trick_question,Compiled research dataset (documented dark pattern styles),Various,English,Microcopy categorized for linguistic analysis
245,Check here to avoid not being subscribed,trick_question,Compiled research dataset (documented dark pattern styles),Various,English,Microcopy categorized for linguistic analysis
246,I do not want to opt out of emails,trick_question,Compiled research dataset (documented dark pattern styles),Various,English,Microcopy categorized for linguistic analysis
247,Continue without declining protection,trick_question,Compiled research dataset (documented dark pattern styles),Various,English,Microcopy categorized for linguistic analysis
248,I do not want to opt out of emails,trick_question,Compiled research dataset (documented dark pattern styles),Various,English,Microcopy categorized for linguistic analysis
249,Check here to avoid not being subscribed,trick_question,Compiled research dataset (documented dark pattern styles),Various,English,Microcopy categorized for linguistic analysis
250,Do not unselect if you want coverage,trick_question,Compiled research dataset (documented dark pattern styles),Various,English,Microcopy categorized for linguistic analysis
251,Proceed unless you wish to cancel your enrollment,trick_question,Compiled research dataset (documented dark pattern styles),Various,English,Microcopy categorized for linguistic analysis
252,Check here to avoid not being subscribed,trick_question,Compiled research dataset (documented dark pattern styles),Various,English,Microcopy categorized for linguistic analysis
253,Tick to confirm you don't disagree,trick_question,Compiled research dataset (documented dark pattern styles),Various,English,Microcopy categorized for linguistic analysis
254,Continue without declining protection,trick_question,Compiled research dataset (documented dark pattern styles),Various,English,Microcopy categorized for linguistic analysis
255,Click here if you don't not agree,trick_question,Compiled research dataset (documented dark pattern styles),Various,English,Microcopy categorized for linguistic analysis
256,Uncheck this box if you do not want to receive updates,trick_question,Compiled research dataset (documented dark pattern styles),Various,English,Microcopy categorized for linguistic analysis
257,Tick to confirm you don't disagree,trick_question,Compiled research dataset (documented dark pattern styles),Various,English,Microcopy categorized for linguistic analysis
258,Click here if you don't not agree,trick_question,Compiled research dataset (documented dark pattern styles),Various,English,Microcopy categorized for linguistic analysis
259,Click here if you don't not agree,trick_question,Compiled research dataset (documented dark pattern styles),Various,English,Microcopy categorized for linguistic analysis
260,I do not want to opt out of emails,trick_question,Compiled research dataset (documented dark pattern styles),Various,English,Microcopy categorized for linguistic analysis
261,Check here to avoid not being subscribed,trick_question,Compiled research dataset (documented dark pattern styles),Various,English,Microcopy categorized for linguistic analysis
262,Proceed unless you wish to cancel your enrollment,trick_question,Compiled research dataset (documented dark pattern styles),Various,English,Microcopy categorized for linguistic analysis
263,Continue without declining protection,trick_question,Compiled research dataset (documented dark pattern styles),Various,English,Microcopy categorized for linguistic analysis
264,Click here if you don't not agree,trick_question,Compiled research dataset (documented dark pattern styles),Various,English,Microcopy categorized for linguistic analysis
265,I do not want to opt out of emails,trick_question,Compiled research dataset (documented dark pattern styles),Various,English,Microcopy categorized for linguistic analysis
266,Continue without declining protection,trick_question,Compiled research dataset (documented dark pattern styles),Various,English,Microcopy categorized for linguistic analysis
267,Check here to avoid not being subscribed,trick_question,Compiled research dataset (documented dark pattern styles),Various,English,Microcopy categorized for linguistic analysis
268,Proceed unless you wish to cancel your enrollment,trick_question,Compiled research dataset (documented dark pattern styles),Various,English,Microcopy categorized for linguistic analysis
269,Tick to confirm you don't disagree,trick_question,Compiled research dataset (documented dark pattern styles),Various,English,Microcopy categorized for linguistic analysis
270,Check here to avoid not being subscribed,trick_question,Compiled research dataset (documented dark pattern styles),Various,English,Microcopy categorized for linguistic analysis
271,Stay Subscribed,visual_interference,Compiled research dataset (documented dark pattern styles),Various,English,Microcopy categorized for linguistic analysis
272,Skip for now (not recommended),visual_interference,Compiled research dataset (documented dark pattern styles),Various,English,Microcopy categorized for linguistic analysis
273,End my membership,visual_interference,Compiled research dataset (documented dark pattern styles),Various,English,Microcopy categorized for linguistic analysis
274,Free Shipping*,visual_interference,Compiled research dataset (documented dark pattern styles),Various,English,Microcopy categorized for linguistic analysis
275,Skip for now (not recommended),visual_interference,Compiled research dataset (documented dark pattern styles),Various,English,Microcopy categorized for linguistic analysis
276,End my membership,visual_interference,Compiled research dataset (documented dark pattern styles),Various,English,Microcopy categorized for linguistic analysis
277,End my membership,visual_interference,Compiled research dataset (documented dark pattern styles),Various,English,Microcopy categorized for linguistic analysis
278,Free Shipping*,visual_interference,Compiled research dataset (documented dark pattern styles),Various,English,Microcopy categorized for linguistic analysis
279,Skip for now (not recommended),visual_interference,Compiled research dataset (documented dark pattern styles),Various,English,Microcopy categorized for linguistic analysis
280,Skip for now (not recommended),visual_interference,Compiled research dataset (documented dark pattern styles),Various,English,Microcopy categorized for linguistic analysis
281,Basic Plan (Recommended),visual_interference,Compiled research dataset (documented dark pattern styles),Various,English,Microcopy categorized for linguistic analysis
282,Continue with Premium,visual_interference,Compiled research dataset (documented dark pattern styles),Various,English,Microcopy categorized for linguistic analysis
283,Basic Plan (Recommended),visual_interference,Compiled research dataset (documented dark pattern styles),Various,English,Microcopy categorized for linguistic analysis
284,Skip for now (not recommended),visual_interference,Compiled research dataset (documented dark pattern styles),Various,English,Microcopy categorized for linguistic analysis
285,"No, downgrade my experience",visual_interference,Compiled research dataset (documented dark pattern styles),Various,English,Microcopy categorized for linguistic analysis
286,Skip for now (not recommended),visual_interference,Compiled research dataset (documented dark pattern styles),Various,English,Microcopy categorized for linguistic analysis
287,Stay Subscribed,visual_interference,Compiled research dataset (documented dark pattern styles),Various,English,Microcopy categorized for linguistic analysis
288,End my membership,visual_interference,Compiled research dataset (documented dark pattern styles),Various,English,Microcopy categorized for linguistic analysis
289,Remind me later,visual_interference,Compiled research dataset (documented dark pattern styles),Various,English,Microcopy categorized for linguistic analysis
290,Skip for now (not recommended),visual_interference,Compiled research dataset (documented dark pattern styles),Various,English,Microcopy categorized for linguistic analysis
291,Stay Subscribed,visual_interference,Compiled research dataset (documented dark pattern styles),Various,English,Microcopy categorized for linguistic analysis
292,Stay Subscribed,visual_interference,Compiled research dataset (documented dark pattern styles),Various,English,Microcopy categorized for linguistic analysis
293,Continue with Premium,visual_interference,Compiled research dataset (documented dark pattern styles),Various,English,Microcopy categorized for linguistic analysis
294,Free Shipping*,visual_interference,Compiled research dataset (documented dark pattern styles),Various,English,Microcopy categorized for linguistic analysis
295,Skip for now (not recommended),visual_interference,Compiled research dataset (documented dark pattern styles),Various,English,Microcopy categorized for linguistic analysis
296,Free Shipping*,visual_interference,Compiled research dataset (documented dark pattern styles),Various,English,Microcopy categorized for linguistic analysis
297,"No, downgrade my experience",visual_interference,Compiled research dataset (documented dark pattern styles),Various,English,Microcopy categorized for linguistic analysis
298,Remind me later,visual_interference,Compiled research dataset (documented dark pattern styles),Various,English,Microcopy categorized for linguistic analysis
299,Stay Subscribed,visual_interference,Compiled research dataset (documented dark pattern styles),Various,English,Microcopy categorized for linguistic analysis
300,End my membership,visual_interference,Compiled research dataset (documented dark pattern styles),Various,English,Microcopy categorized for linguistic analysis
301,End my membership,visual_interference,Compiled research dataset (documented dark pattern styles),Various,English,Microcopy categorized for linguistic analysis
302,Free Shipping*,visual_interference,Compiled research dataset (documented dark pattern styles),Various,English,Microcopy categorized for linguistic analysis
303,Stay Subscribed,visual_interference,Compiled research dataset (documented dark pattern styles),Various,English,Microcopy categorized for linguistic analysis
304,Continue with Premium,visual_interference,Compiled research dataset (documented dark pattern styles),Various,English,Microcopy categorized for linguistic analysis
305,Free Shipping*,visual_interference,Compiled research dataset (documented dark pattern styles),Various,English,Microcopy categorized for linguistic analysis
306,Remind me later,visual_interference,Compiled research dataset (documented dark pattern styles),Various,English,Microcopy categorized for linguistic analysis
307,Free Shipping*,visual_interference,Compiled research dataset (documented dark pattern styles),Various,English,Microcopy categorized for linguistic analysis
308,Stay Subscribed,visual_interference,Compiled research dataset (documented dark pattern styles),Various,English,Microcopy categorized for linguistic analysis
309,Skip for now (not recommended),visual_interference,Compiled research dataset (documented dark pattern styles),Various,English,Microcopy categorized for linguistic analysis
310,Continue with Premium,visual_interference,Compiled research dataset (documented dark pattern styles),Various,English,Microcopy categorized for linguistic analysis
311,Stay Subscribed,visual_interference,Compiled research dataset (documented dark pattern styles),Various,English,Microcopy categorized for linguistic analysis
312,Continue with Premium,visual_interference,Compiled research dataset (documented dark pattern styles),Various,English,Microcopy categorized for linguistic analysis
313,Basic Plan (Recommended),visual_interference,Compiled research dataset (documented dark pattern styles),Various,English,Microcopy categorized for linguistic analysis
314,Basic Plan (Recommended),visual_interference,Compiled research dataset (documented dark pattern styles),Various,English,Microcopy categorized for linguistic analysis
315,End my membership,visual_interference,Compiled research dataset (documented dark pattern styles),Various,English,Microcopy categorized for linguistic analysis
316,Continue with Premium,visual_interference,Compiled research dataset (documented dark pattern styles),Various,English,Microcopy categorized for linguistic analysis
317,Remind me later,visual_interference,Compiled research dataset (documented dark pattern styles),Various,English,Microcopy categorized for linguistic analysis
318,Free Shipping*,visual_interference,Compiled research dataset (documented dark pattern styles),Various,English,Microcopy categorized for linguistic analysis
319,Basic Plan (Recommended),visual_interference,Compiled research dataset (documented dark pattern styles),Various,English,Microcopy categorized for linguistic analysis
320,Free Shipping*,visual_interference,Compiled research dataset (documented dark pattern styles),Various,English,Microcopy categorized for linguistic analysis
321,Free Shipping*,visual_interference,Compiled research dataset (documented dark pattern styles),Various,English,Microcopy categorized for linguistic analysis
322,Remind me later,visual_interference,Compiled research dataset (documented dark pattern styles),Various,English,Microcopy categorized for linguistic analysis
323,Stay Subscribed,visual_interference,Compiled research dataset (documented dark pattern styles),Various,English,Microcopy categorized for linguistic analysis
324,Free Shipping*,visual_interference,Compiled research dataset (documented dark pattern styles),Various,English,Microcopy categorized for linguistic analysis
325,Continue with Premium,visual_interference,Compiled research dataset (documented dark pattern styles),Various,English,Microcopy categorized for linguistic analysis
326,Remind me later,visual_interference,Compiled research dataset (documented dark pattern styles),Various,English,Microcopy categorized for linguistic analysis
327,Basic Plan (Recommended),visual_interference,Compiled research dataset (documented dark pattern styles),Various,English,Microcopy categorized for linguistic analysis
328,Skip for now (not recommended),visual_interference,Compiled research dataset (documented dark pattern styles),Various,English,Microcopy categorized for linguistic analysis
329,Free Shipping*,visual_interference,Compiled research dataset (documented dark pattern styles),Various,English,Microcopy categorized for linguistic analysis
330,End my membership,visual_interference,Compiled research dataset (documented dark pattern styles),Various,English,Microcopy categorized for linguistic analysis
331,Remind me later,visual_interference,Compiled research dataset (documented dark pattern styles),Various,English,Microcopy categorized for linguistic analysis
332,Stay Subscribed,visual_interference,Compiled research dataset (documented dark pattern styles),Various,English,Microcopy categorized for linguistic analysis
333,"No, downgrade my experience",visual_interference,Compiled research dataset (documented dark pattern styles),Various,English,Microcopy categorized for linguistic analysis
334,Basic Plan (Recommended),visual_interference,Compiled research dataset (documented dark pattern styles),Various,English,Microcopy categorized for linguistic analysis
335,Basic Plan (Recommended),visual_interference,Compiled research dataset (documented dark pattern styles),Various,English,Microcopy categorized for linguistic analysis
336,"No, downgrade my experience",visual_interference,Compiled research dataset (documented dark pattern styles),Various,English,Microcopy categorized for linguistic analysis
337,Continue with Premium,visual_interference,Compiled research dataset (documented dark pattern styles),Various,English,Microcopy categorized for linguistic analysis
338,Skip for now (not recommended),visual_interference,Compiled research dataset (documented dark pattern styles),Various,English,Microcopy categorized for linguistic analysis
339,Basic Plan (Recommended),visual_interference,Compiled research dataset (documented dark pattern styles),Various,English,Microcopy categorized for linguistic analysis
340,Basic Plan (Recommended),visual_interference,Compiled research dataset (documented dark pattern styles),Various,English,Microcopy categorized for linguistic analysis
341,Stay Subscribed,visual_interference,Compiled research dataset (documented dark pattern styles),Various,English,Microcopy categorized for linguistic analysis
342,Basic Plan (Recommended),visual_interference,Compiled research dataset (documented dark pattern styles),Various,English,Microcopy categorized for linguistic analysis
343,Remind me later,visual_interference,Compiled research dataset (documented dark pattern styles),Various,English,Microcopy categorized for linguistic analysis
344,Continue with Premium,visual_interference,Compiled research dataset (documented dark pattern styles),Various,English,Microcopy categorized for linguistic analysis
345,Skip for now (not recommended),visual_interference,Compiled research dataset (documented dark pattern styles),Various,English,Microcopy categorized for linguistic analysis
346,End my membership,visual_interference,Compiled research dataset (documented dark pattern styles),Various,English,Microcopy categorized for linguistic analysis
347,Skip for now (not recommended),visual_interference,Compiled research dataset (documented dark pattern styles),Various,English,Microcopy categorized for linguistic analysis
348,Continue with Premium,visual_interference,Compiled research dataset (documented dark pattern styles),Various,English,Microcopy categorized for linguistic analysis
349,Remind me later,visual_interference,Compiled research dataset (documented dark pattern styles),Various,English,Microcopy categorized for linguistic analysis
350,Continue with Premium,visual_interference,Compiled research dataset (documented dark pattern styles),Various,English,Microcopy categorized for linguistic analysis
351,Stay Subscribed,visual_interference,Compiled research dataset (documented dark pattern styles),Various,English,Microcopy categorized for linguistic analysis
352,End my membership,visual_interference,Compiled research dataset (documented dark pattern styles),Various,English,Microcopy categorized for linguistic analysis
353,Skip for now (not recommended),visual_interference,Compiled research dataset (documented dark pattern styles),Various,English,Microcopy categorized for linguistic analysis
354,Free Shipping*,visual_interference,Compiled research dataset (documented dark pattern styles),Various,English,Microcopy categorized for linguistic analysis
355,Skip for now (not recommended),visual_interference,Compiled research dataset (documented dark pattern styles),Various,English,Microcopy categorized for linguistic analysis
356,Stay Subscribed,visual_interference,Compiled research dataset (documented dark pattern styles),Various,English,Microcopy categorized for linguistic analysis
357,End my membership,visual_interference,Compiled research dataset (documented dark pattern styles),Various,English,Microcopy categorized for linguistic analysis
358,Remind me later,visual_interference,Compiled research dataset (documented dark pattern styles),Various,English,Microcopy categorized for linguistic analysis
359,Continue with Premium,visual_interference,Compiled research dataset (documented dark pattern styles),Various,English,Microcopy categorized for linguistic analysis
360,Continue with Premium,visual_interference,Compiled research dataset (documented dark pattern styles),Various,English,Microcopy categorized for linguistic analysis
